id,product_id,src,alt,is_primary
350,998,/images/products/EP926741758_singolo_1751038145711.png,Epilact Sport Protezione Unghie,t
351,999,/images/products/EP973147061_singolo_1751038145714.png,PhysioStrap Ski,t
352,1000,/images/products/WSX244_singolo_1751038145715.png,Borraccia WHY Sport 500ml,t
353,1001,/images/products/WSX248_singolo_1751038145715.png,Borsone WHY Sport,t
354,1002,/images/products/WSX276_singolo_1751038145717.png,Sport Shaker WHY Sport,t
355,1003,/images/products/WSX368_singolo_1751038145719.png,Borraccia Sport 500ml,t
484,1140,/images/products/power-whey-amino-support-vaniglia.jpg,Power Whey Amino Support Vaniglia - Immagine prodotto,t
357,1005,/images/products/WSX179_singolo_1751038922384.png,Top Donna WHY Sport,t
358,1006,/images/products/WSX182_singolo_1751038922384.png,Short Donna WHY Sport,t
363,1007,/images/products/aminoacidi-essenziali-300g-cola-lemon.png,Aminoacidi Essenziali Cola Lemon 300g,t
485,1141,/images/products/power-whey-amino-support-cioccolato.jpg,Power Whey Amino Support Cioccolato - Immagine prodotto,t
486,1142,/images/products/power-whey-amino-support-cioccolato-cocco.jpg,Power Whey Amino Support Cioccolato-Cocco - Immagine prodotto,t
104,632,/images/products/06-big-bar-cocco.jpg,Big Bar Cocco 80g +Watt,t
105,632,/images/products/07-big-bar-cookie-nocciola.jpg,Big Bar Cookie Nocciola 80g +Watt,f
106,633,/images/products/08-carbo-energy-albicocca.jpg,Carbo Energy+ Albicocca 40g +Watt,t
107,633,/images/products/09-carbo-energy-frutti-bosco.jpg,Carbo Energy+ Frutti di Bosco 40g +Watt,f
108,633,/images/products/10-carbo-energy-agrumi.jpg,Carbo Energy+ Agrumi 40g +Watt,f
109,633,/images/products/11-carbo-energy-mela-verde.jpg,Carbo Energy+ Mela Verde 40g +Watt,f
110,634,/images/products/12-fruitforce-fragola.jpg,FruitForce Fragola 37ml +Watt,t
487,1143,/images/products/power-whey-amino-support-cookies-cream.jpg,Power Whey Amino Support Cookies & Cream - Immagine prodotto,t
112,636,/images/products/15-iso-soya-premier.jpg,Iso Soya Premier 750g,t
113,637,/images/products/16-light-protein-bar-cheesecake.jpg,Light PROTEIN+ Bar Cheesecake 50g Premier,t
114,637,/images/products/17-light-protein-bar-caramello.jpg,Light PROTEIN+ Bar Caramello 50g Premier,f
103,631,/images/products/03-barrettone-burro-arachidi.jpg,Barrettone 2.0 Burro Arachidi 70g +Watt,f
101,631,/images/products/04-barrettone-cacao.jpg,Barrettone 2.0 Cacao 70g +Watt,t
102,631,/images/products/05-barrettone-vaniglia.jpg,Barrettone 2.0 Vaniglia 70g +Watt,f
488,1144,/images/products/power-whey-amino-support-fruttirossi-banana.jpg,Power Whey Amino Support Frutti rossi-Banana - Immagine prodotto,t
368,1012,/images/products/vpr-vegetal-protein-integratore-alimentare-di-proteine-vegetali.png,VPR-VEGETAL PROTEIN INTEGRATORE ALIMENTARE DI PROTEINE VEGETALI,t
369,1013,/images/products/magnesium-glycinate.png,MAGNESIUM GLYCINATE,t
370,1014,/images/products/thermo-master.png,Thermo Master,t
372,1016,/images/products/maltoshot-endurance-plus.png,MALTOSHOT ENDURANCE PLUS,t
373,1017,/images/products/super-dextrin-sweet.jpg,Super Dextrin Energy Bar,t
381,1025,/images/products/glucosamina-+-condroitina-+-msm-+-vitamina-c.png,Glucosamina + Condroitina + MSM + Vitamina C,t
382,1026,/images/products/starter-1000.jpg,Starter 1000,t
383,1027,/images/products/caffeina-suprema.png,Caffeina Suprema,t
384,1028,/images/products/super-dextrin-gel-pro.png,Super Dextrin Gel Pro,t
489,1145,/images/products/power-whey-amino-support-wafer-nocciola.jpg,Power Whey Amino Support Wafer-Nocciola - Immagine prodotto,t
490,1146,/images/products/prime-casein-cioccolato.jpg,Prime Casein Cioccolato - Immagine prodotto,t
491,1147,/images/products/prime-casein-cioccolato-cocco.jpg,Prime Casein Cioccolato-Cocco - Immagine prodotto,t
492,1148,/images/products/prime-casein-vaniglia.jpg,Prime Casein Vaniglia - Immagine prodotto,t
493,1149,/images/products/prime-casein-wafer-nocciola.jpg,Prime Casein Wafer-Nocciola - Immagine prodotto,t
494,1150,/images/products/prime-oat-cioccolato.jpg,Prime Oat Cioccolato - Immagine prodotto,t
495,1151,/images/products/prime-oat-biscotto.jpg,Prime Oat Biscotto - Immagine prodotto,t
496,1152,/images/products/prime-oat-cioccolato-cocco.jpg,Prime Oat Cioccolato-Cocco - Immagine prodotto,t
563,1222,/images/products/caffè-verde-te-matcha-800mg.jpg,Caffè Verde+Tè Matcha 800mg 60 capsule,t
567,1226,/images/products/glutatione-liposomiale.jpg,Glutatione Liposomiale 30 capsule,t
564,1223,/images/products/cla-1000.jpg,CLA 1000 80 softgel,t
565,1224,/images/products/co-q10-forte-1000mg.jpg,CO-Q10 Forte 1000mg 90 capsule,t
399,926,/images/products/d-glucosio.jpg,D-Glucosio,t
566,1225,/images/products/depurixia-antiossidante.jpg,Depurixia 60 capsule,t
562,1221,/images/products/astaxantina-plus.jpg,Astaxantina Plus 60 capsule,t
405,932,/images/products/pocket-carnitine.jpg,Pocket Carnitine,t
403,929,/images/products/hard-beta-alanine.jpg,Hard Beta Alanine,t
404,930,/images/products/high-bcaa-2-1-1.jpg,High BCAA 2:1:1,t
406,933,/images/products/rm1-bcaa-recovery-mix.jpg,R.M.1 BCAA 8:1:1 Recovery Mix,t
402,928,/images/products/glutammina-plus-polvere-authentic.jpg,Glutammina+ Polvere,t
569,1228,/images/products/lipoic-800-crom.jpg,Lipoic 800 Crom 60 capsule,t
570,1229,/images/products/lipoic-b.jpg,Lipoic B 90 capsule,t
400,944,/images/products/essential-amino-9-3-finale.jpg,Essential Amino 9.3,t
401,941,/images/products/glutammina-pure-finale.jpg,Glutammina Pure,t
366,1011,/images/products/eaa-pro-finale.jpg,EAA Pro Anguria 420g,t
367,1011,/images/products/eaa-pro-finale.jpg,EAA Pro Melon 420g,f
498,1154,/images/products/prime-whey-hydro-plus-cioccolato.jpg,Prime Whey Hydro Plus Cioccolato - Immagine prodotto,t
501,1157,/images/products/prime-wpi-vaniglia.jpg,Prime WPI Vaniglia - Immagine prodotto,t
502,1158,/images/products/prime-wpi-cioccolato.jpg,Prime WPI Cioccolato - Immagine prodotto,t
374,1018,/images/products/testogen.png,Testogen,t
375,1019,/images/products/fluid-motion.png,Fluid Motion,t
376,1020,/images/products/collagene-ethicsport.png,Collagene,t
360,828,/images/products/complex-carbs-advanced-ratio.jpg,Complex Carbs Advanced Ratio,t
378,1022,/images/products/vitamina-c-1000.png,Vitamina C 1000,t
379,1023,/images/products/vitamina-d3-2000-iu.png,Vitamina D3 2000 IU,t
380,1024,/images/products/super-dextrin-pro.png,Super Dextrin Pro,t
385,1029,/images/products/repoxan.jpg,Repoxan,t
386,1030,/images/products/creatina-vector.jpg,Creatina Vector,t
503,1159,/images/products/pure-soy-isolate-cioccolato.jpg,Pure Soy Isolate Cioccolato - Immagine prodotto,t
504,1160,/images/products/pure-soy-isolate-wafer-nocciola.jpg,Pure Soy Isolate Wafer-Nocciola - Immagine prodotto,t
407,943,/images/products/essenziali-zero-carb-finale.jpg,Essenziali Zero Carb,t
505,1175,/images/products/whey-iso-vaniglia.jpg,Whey Iso Vaniglia,t
506,1176,/images/products/whey-iso-brownies.jpg,Whey Iso Brownies,t
507,1177,/images/products/whey-iso-cioccolato.jpg,Whey Iso Cioccolato,t
508,1178,/images/products/whey-iso-cioccolato-bianco.jpg,Whey Iso Cioccolato Bianco,t
509,1179,/images/products/whey-iso-cookies-cream.jpg,Whey Iso Cookies & Cream,t
510,1180,/images/products/whey-iso-crema-vaniglia.jpg,Whey Iso Crema Vaniglia,t
511,1181,/images/products/whey-iso-frutti-rossi.jpg,Whey Iso Frutti Rossi,t
512,1182,/images/products/whey-iso-torrone-al-cioccolato.jpg,Whey Iso Torrone al cioccolato,t
513,1183,/images/products/zm-b6.jpg,ZM-B6,t
514,1184,/images/products/zmb6-tabs.jpg,ZMB6 Tabs,t
516,1186,/images/products/arginina-alfaketoglutarato-2000.jpg,Arginina Alfaketoglutarato 2000,t
586,1245,/images/products/daa-90cpr-200ml.jpg,DAA Acido D-aspartico,t
500,1156,/images/products/prime-whey-hydro-plus-vaniglia.jpg,Prime Whey Hydro Plus Vaniglia - Immagine prodotto,t
532,1188,/images/products/arginina-piroglutammato-e-lisina.jpg,Arginina Piroglutammato e Lisina 70 capsule,t
533,1189,/images/products/beta-alanina-1000-mg.jpg,Beta Alanina 1000 mg 120 compresse,t
534,1190,/images/products/creatina-krealkalyn-120-cpr.jpg,Creatina Krealkalyn 120 compresse,t
515,1185,/images/products/acido-d-aspartico-corrected.jpg,Acido D-Aspartico,t
223,756,/images/products/magnesio-tripla-azione.png,Magnesio Tripla Azione,t
226,759,/images/products/alaform-800.png,Alaform 800,t
225,758,/images/products/ashwagandha-60-compresse.png,Ashwagandha,t
517,1187,/images/products/arginina-argipower-corrected.jpg,Arginina Argipower 100%,t
211,744,/images/products/2393_singolo_1750627156891.png,Selenio 100,t
212,745,/images/products/2847_singolo_1750627156892.png,Calcio Citrato + D3,t
213,746,/images/products/4622_singolo_1750627156892.png,Licopene,t
214,747,/images/products/4793_singolo_1750627156892.png,Vita-Vim Multivitaminico,t
215,748,/images/products/4883_singolo_1750627156892.png,Lutein Z,t
216,749,/images/products/5634_singolo_1750627156892.png,Spirulina,t
218,751,/images/products/7355_singolo_1750627156892.png,Omega-3 Select Mini,t
220,753,/images/products/7920_singolo_1750627156892.png,Omega-3 Extra,t
221,754,/images/products/7959_singolo_1750627156892.png,Vitamina C Masticabile,t
227,760,/images/products/2194_singolo.png,Korean Red Ginseng,t
229,796,/images/products/FIBRA WATT_Fronte_1750780343032.jpg,Fibra Watt - Glucomannano 60 compresse,t
230,797,/images/products/HARD-B-LIFE-COMPLEX-SITO-300x411 (1)_1750780343035.png,Hard B-Life Complex - Vitamine B 60 compresse,t
232,799,/images/products/HARD-DREN-SITO-300x411_1750780343036.png,Hard Dren 1000 - Drenante 60 compresse,t
233,800,/images/products/HARD-VITAMIN-SITO-300x411 (1)_1750780343037.png,Hard Vitamin Complex - Multivitaminico 90 compresse,t
234,801,/images/products/HEPAX-FORTE-300x411 (1)_1750780343037.png,Hepax Forte - Supporto epatico 60 compresse,t
235,802,/images/products/JOINT-FLEX-sito-300x411_1750780343038.png,Joint Flex D3 Plus - Articolazioni 60 compresse,t
242,807,/images/products/Omega3 EGQ 180 perle FRONTE_1750780343042.jpg,Omega 3 Egq - EPA DHA 180 compresse,t
243,808,/images/products/OMEGA3-XC-300x411_1750780343042.png,Omega 3-Xc 40/20 Gold - Concentrato 90 compresse,t
245,810,/images/products/SALI ACTIVATOR ARANCIA ROSSA_Fronte_1750780343044.jpg,"Sali Activator 1:0,8 - Elettroliti 600g",t
250,819,/images/products/ashwagandha-2-1-300x548 (1)_1750781953158.png,Ashwagandha + Premier 60 compresse,t
251,820,/images/products/ASHWAGANDHA PURA_Fronte_1750781953157.jpg,Ashwagandha Pura +WATT 60 compresse,t
252,821,/images/products/ASTAXANTINA SOFTGEL_FRONTE_1750781953158.jpg,Astaxantina Softgel +WATT 60 compresse,t
253,822,/images/products/BCAA LIQUID CARBO_FRONTE_1750781953159.jpg,BCAA Liquid Carbo+ +WATT 30ml,t
254,823,/images/products/BCAA POLVERE 300g_Fronte_1750781953159.jpg,BCAA+ 8:1:1 Polvere +WATT 300g,t
255,824,/images/products/BCAA RIDE GEL GUSTO TUTTI I FRUTTI_Fronte_1750781953160.jpg,BCAA Ride Gel+ +WATT 40ml,t
256,825,/images/products/BERBERINA 60 CAPSULE_FRONTE_1750781953161.jpg,Berberina+ +WATT 60 compresse,t
518,1161,/images/products/ram-1000-bcaa-100-compresse.jpg,RAM 1000 BCAA 100 compresse,t
258,827,/images/products/Collagene_Fronte_1750781953162.jpg,Collagene+ Silicio Stabilizzato +WATT 135g,t
519,1162,/images/products/ram-1000-bcaa-180-compresse.jpg,RAM 1000 BCAA 180 compresse,t
520,1163,/images/products/ram-1000-bcaa-300-compresse.jpg,RAM 1000 BCAA 300 compresse,t
262,831,/images/products/ELECTROLYTE_Limone_Fronte_1750781953163.jpg,Sali+ Electrolyte Pocket Minerals +WATT 40g,t
387,1031,/images/products/eaa-amminoacidi-essenziali-solubili.png,EAA Amminoacidi Essenziali Solubili,t
388,1032,/images/products/comfort-plus.jpg,Comfort Plus,t
521,1164,/images/products/ram-1000-bcaa-500-compresse.jpg,RAM 1000 BCAA 500 compresse,t
522,1165,/images/products/taurina-1000-mg-150-compresse.jpg,Taurina 1000mg 150 compresse,t
524,1167,/images/products/total-protein-blend-cioccolato.jpg,Total Protein Blend Cioccolato,t
525,1168,/images/products/total-protein-blend-cookies-cream.jpg,Total Protein Blend Cookies & Cream,t
526,1169,/images/products/total-protein-blend-vaniglia.jpg,Total Protein Blend Vaniglia,t
530,1173,/images/products/vitaminad3-2000ui-200cpr.jpg,Vitamina D3 2000 UI 200 compresse,t
531,1174,/images/products/viteral.jpg,Viteral 60 compresse,t
300,953,/images/products/W203_singolo_1751035188900.png,Pancake Proteico WHY Sport 1kg,t
301,954,/images/products/W236_singolo_1751035188918.png,45 Protein Bar Wafer Nocciola 45g,t
302,954,/images/products/W237_box_1751035188919.png,45 Protein Bar Cookies Crisp confezione 24pz,f
303,955,/images/products/W240_75_ProteinBar_frutti_di_bosco_crisp_1751035219983.png,75 Protein Bar Frutti di Bosco 75g,t
304,955,/images/products/W240_box_1751035219983.png,75 Protein Bar Frutti di Bosco confezione 24pz,f
305,956,/images/products/W330_singolo_1751035294681.png,Crema di Arachidi Iperproteica Crunchy 350g,t
587,1246,/images/products/dextro-plus.jpg,Dextro Plus,t
588,1247,/images/products/eaa-tabs.jpg,EAA Tabs,t
590,1249,/images/products/gluta-max.jpg,Gluta Max,t
311,959,/images/products/LIQUID CARBO_Arancia_Fronte_1751035368933.jpg,Liquid Carbo+ Arancia 450ml,t
591,1250,/images/products/gluta-pep.jpg,Gluta Pep,t
592,1251,/images/products/hmb-1000-mg.jpg,HMB 1000 mg,t
594,1253,/images/products/leucine-1000.jpg,Leucine,t
600,1259,/images/products/egg-protein-crema-vaniglia.jpg,EGG Protein Crema Vaniglia,t
601,1260,/images/products/egg-protein-cioccolato.jpg,EGG Protein Cioccolato,t
604,1263,/images/products/glutamina-pure-250g.jpg,Glutamine Pure 250g,t
605,1264,/images/products/glutamina-pure-500g.jpg,Glutamine Pure 500g,t
606,1265,/images/products/glutamina-pure-1kg.jpg,Glutamine Pure 1kg,t
607,1266,"/images/products/mass-matrix-cioccolato-1,3kg.jpg",Mass Matrix Cioccolato,t
535,1191,/images/products/creatina-transport-1000-200-cpr.jpg,Creatina Transport 1000 200 capsule,t
537,1193,/images/products/ghanabol-active-9-90-cpr.jpg,Ghanabol Active 9 90 compresse,t
536,1192,/images/products/glutammina-glutpower-250-cpr.jpg,Glutammina Glutpower 100 compresse,t
538,1194,/images/products/hmb-3000.png,HMB 3000 90 compresse,t
539,1195,/images/products/leucina-1000-mg.jpg,Leucina 1000 mg 120 compresse,t
540,1196,/images/products/lisina.png,Lisina 300gr,t
541,1197,/images/products/ornitina-akg.png,Ornitina AKG 60 compresse,t
293,871,/images/products/perfect-100-whey-pesca-450g.png,Perfect 100% Whey Pesca 450g,t
294,873,/images/products/perfect-blend-90-cacao-750g.png,Perfect Blend 90 Cacao 750g,t
602,1261,/images/products/fish-oil-90-softgel.jpg,Fish Oil 90 softgel,t
295,874,/images/products/essential-100-whey-cacao.png,Essential 100% Whey Vaniglia 900g,t
603,1262,/images/products/fish-oil-200-softgel.jpg,Fish Oil 200 softgel,t
523,1166,/images/products/thermogenic-force-120-compresse.jpg,Thermogenic Force 120 compresse,t
527,1170,/images/products/tribulus-1000-plus-120-compresse.jpg,Tribulus 1000 Plus 120 compresse,t
571,1230,/images/products/maxivit-sport.jpg,Maxivit Sport 60 compresse,t
573,1232,/images/products/omega-3-6-9.jpg,Omega 3-6-9 60 softgel,t
542,1198,/images/products/ashwagandha-forte-500-mg-new.png,Ashwagandha Forte 500mg 60 compresse,t
259,828,/images/products/complex-carbs-advanced-ratio.jpg,Complex Carbs Advanced Ratio +WATT 42g,t
323,968,/images/products/WN043_singolo_1751035979180.png,Avena Farina Istantanea Cappuccino 1360g,t
324,968,/images/products/WN064_singolo_1751035979180.png,Avena Farina Istantanea Cacao 1360g,f
327,971,/images/products/Promeal Energetica 40g_1751036384519.jpg,Promeal Energetica Mandorle 40g,t
328,971,/images/products/Promeal Energetica barrette 25x40g web_1751036384521.jpg,Promeal Energetica Mandorle 25pz,f
343,985,/images/products/CREANIZED_CRETINA_MONOIDRATO_Fronte_1751037655150.jpg,Creanized Creatina Monoidrato Micronizzata,t
344,986,/images/products/CREATINA_Extra Gold_100g_Fronte_1751037655153.jpg,Creatina+ Extra Gold,t
346,988,/images/products/GLUCO CREATINA Compresse_Fronte_1751037744108.jpg,Gluco Creatina+,t
347,989,/images/products/W013_singolo_1751037744109.png,Creatina Platinum,t
348,990,/images/products/W026_singolo_1751037744110.png,Creatina Platinum 1300,t
349,991,/images/products/W166_singolo_1751037744110.png,Creatina 200 Mesh,t
559,1218,/images/products/glutammina-sport-recovery-350g.jpg,Glutammina Sport Recovery 350g,t
497,1153,/images/products/prime-oat-wafer-nocciola.jpg,Prime Oat Wafer-Nocciola - Immagine prodotto,t
499,1155,/images/products/prime-whey-hydro-plus-cookies-cream.jpg,Prime Whey Hydro Plus Cookies & Cream - Immagine prodotto,t
615,1274,"/images/products/mass-matrix-cioccolato-2,8kg.jpg","Mass Matrix Cioccolato 2,8kg",t
616,1275,"/images/products/mass-matrix-cioccolato-cocco-1,3kg.jpg","Mass Matrix Cioccolato-Cocco 1,3kg",t
617,1276,"/images/products/mass-matrix-cookies-cream-1,3kg.jpg","Mass Matrix Cookies & Cream 1,3kg",t
618,1277,"/images/products/mass-matrix-cookies-cream-2,8kg.jpg","Mass Matrix Cookies & Cream 2,8kg",t
557,1216,/images/products/creatina-tabs-400-cpr.jpg,Creatina Tabs Monoidrata 200 compresse,t
558,1217,/images/products/glutammina-sport-recovery.jpg,Glutammina Sport Recovery 150g,t
543,1202,/images/products/bcaa-proram-100-cpr.jpg,BCAA 2:1:1 Proram 100 capsule,t
544,1203,/images/products/bcaa-proram-200-cpr.jpg,BCAA 2:1:1 Proram 200 capsule,t
545,1204,/images/products/bcaa-proram-400-cpr.jpg,BCAA 2:1:1 Proram 400 capsule,t
546,1205,/images/products/bcaa-8-1-1-150g-arancio.jpg,BCAA 8:1:1 150g Arancia,t
547,1206,/images/products/bcaa-8-1-1-350g-arancio.jpg,BCAA 8:1:1 350g Arancia,t
548,1207,/images/products/bcaa-peptide-100-cpr.jpg,BCAA 8:1:1 Peptide 100 compresse,t
549,1208,/images/products/bcaa-peptide-200-cpr.jpg,BCAA 8:1:1 Peptide 200 compresse,t
619,1278,/images/products/citrullina-malato-175g.jpg,Citrullina Malato 175g Limone,t
550,1209,/images/products/bcaa-sport-4-1-1-100-cpr.jpg,BCAA Sport 4:1:1 150g Limone,t
551,1210,/images/products/bcaa-sport-4-1-1-200-cpr.jpg,BCAA Sport 4:1:1 350g Limone,t
554,1213,/images/products/creatina-micronizzata-200g.jpg,Creatina Micronizzata 100% 150g,t
555,1214,/images/products/creatina-micronizzata-400g.jpg,Creatina Micronizzata 100% 350g,t
556,1215,/images/products/creatina-tabs-200-cpr.jpg,Creatina Tabs Monoidrata 100 compresse,t
298,877,/images/products/hydrolyzed-104-dh4-black-chocolate.png,Hydrolyzed 100% Whey Black Chocolate 900g,t
296,875,/images/products/top-100-xp-cacao.jpg,Top 100 XP Cacao 250g,t
297,876,/images/products/vegetal-100-protein.png,Vegetal 100% Protein Cacao 750g,t
528,1171,/images/products/vitamin-c-1000-mg-90-compresse.jpg,Vitamin C 1000 mg 90 compresse,t
529,1172,/images/products/vitamin-c-1000-mg-240-compresse.jpg,Vitamin C 1000 mg 240 compresse,t
581,1240,/images/products/omega-3-super-60-perle.jpg,Omega 3 Super 60 perle,t
582,1241,/images/products/omega-3-super-120-perle.jpg,Omega 3 Super 120 perle,t
620,1279,/images/products/vitamins-minerals-watt.jpg,Vitamine & Minerals +WATT,t
621,1280,/images/products/melatonine-plus-premier.png,Melatonine+ Premier,t
623,1281,/images/products/i-m-collagen-corrected.jpg,I'M Collagen - Pronutrition,t
626,1283,/images/products/adrenaline-agrumi-why-sport.png,Adrenaline Agrumi Pre Workout,t
560,1219,/images/products/glutammina-peptide-350g.jpg,Glutammina Peptide 150g,t
561,1220,/images/products/glutammina-peptide-350g.jpg,Glutammina Peptide 350g,t
